{"5_candidates": [0.4, 0.2, 0.2, 0.2, 0.8, 0.4, 0.4, 0.2, 0.2, 0.4], "10_candidates": [0.3, 0.2, 0.2, 0.2, 0.2, 0.2, 0.2, 0.2, 0.2, 0.2], "15_candidates": [0.13333333333333333, 0.13333333333333333, 0.2, 0.06666666666666667, 0.3333333333333333, 0.13333333333333333, 0.2, 0.13333333333333333, 0.2, 0.06666666666666667], "20_candidates": [0.1, 0.1, 0.1, 0.25, 0.1, 0.15, 0.15, 0.05, 0.1, 0.05], "25_candidates": [0.08, 0.16, 0.08, 0.12, 0.08, 0.12, 0.04, 0.08, 0.12, 0.08], "30_candidates": [0.1, 0.16666666666666666, 0.16666666666666666, 0.06666666666666667, 0.1, 0.1, 0.06666666666666667, 0.16666666666666666, 0.1, 0.1], "35_candidates": [0.08571428571428572, 0.11428571428571428, 0.11428571428571428, 0.11428571428571428, 0.08571428571428572, 0.11428571428571428, 0.14285714285714285, 0.08571428571428572, 0.08571428571428572, 0.14285714285714285], "40_candidates": [0.125, 0.05, 0.125, 0.1, 0.075, 0.1, 0.1, 0.125, 0.05, 0.125]}