{"5_candidates": [0.6, 0.4, 0.2, 0.2, 0.2, 0.4, 0.4, 0.4, 0.4, 0.2], "10_candidates": [0.3, 0.2, 0.4, 0.4, 0.3, 0.1, 0.2, 0.3, 0.2, 0.2], "15_candidates": [0.2, 0.06666666666666667, 0.06666666666666667, 0.13333333333333333, 0.06666666666666667, 0.06666666666666667, 0.26666666666666666, 0.06666666666666667, 0.06666666666666667, 0.13333333333333333], "20_candidates": [0.25, 0.15, 0.3, 0.1, 0.1, 0.1, 0.2, 0.05, 0.15, 0.1], "25_candidates": [0.12, 0.04, 0.0, 0.04, 0.08, 0.08, 0.04, 0.04, 0.04, 0.04], "30_candidates": [0.03333333333333333, 0.06666666666666667, 0.03333333333333333, 0.06666666666666667, 0.03333333333333333, 0.13333333333333333, 0.06666666666666667, 0.1, 0.06666666666666667, 0.06666666666666667], "35_candidates": [0.02857142857142857, 0.08571428571428572, 0.02857142857142857, 0.11428571428571428, 0.05714285714285714, 0.02857142857142857, 0.05714285714285714, 0.05714285714285714, 0.08571428571428572, 0.0], "40_candidates": [0.025, 0.025, 0.05, 0.05, 0.05, 0.075, 0.05, 0.075, 0.025, 0.05]}