{"5_candidates": [0.4, 0.2, 0.4, 0.4, 0.2, 0.2, 0.4, 0.2, 0.6, 0.2], "10_candidates": [0.3, 0.2, 0.2, 0.3, 0.4, 0.1, 0.4, 0.5, 0.1, 0.1], "15_candidates": [0.2, 0.2, 0.13333333333333333, 0.2, 0.26666666666666666, 0.13333333333333333, 0.13333333333333333, 0.2, 0.2, 0.2], "20_candidates": [0.1, 0.15, 0.15, 0.15, 0.25, 0.2, 0.2, 0.15, 0.15, 0.15]}