{"5_candidates": [0.4, 0.4, 0.4, 0.6, 0.4, 0.2, 0.2, 0.0, 0.6, 0.2], "10_candidates": [0.2, 0.1, 0.2, 0.2, 0.4, 0.2, 0.3, 0.3, 0.2, 0.1], "15_candidates": [0.13333333333333333, 0.13333333333333333, 0.06666666666666667, 0.2, 0.26666666666666666, 0.13333333333333333, 0.26666666666666666, 0.26666666666666666, 0.13333333333333333, 0.2], "20_candidates": [0.1, 0.15, 0.25, 0.2, 0.2, 0.15, 0.25, 0.2, 0.2, 0.15]}