{"5_candidates": [0.6, 0.2, 0.4, 0.4, 0.4, 0.2, 0.6, 0.2, 0.6, 0.4], "10_candidates": [0.3, 0.2, 0.2, 0.3, 0.4, 0.2, 0.4, 0.5, 0.2, 0.2], "15_candidates": [0.2, 0.13333333333333333, 0.2, 0.2, 0.26666666666666666, 0.2, 0.26666666666666666, 0.26666666666666666, 0.3333333333333333, 0.13333333333333333], "20_candidates": [0.15, 0.15, 0.2, 0.2, 0.25, 0.25, 0.25, 0.25, 0.2, 0.15]}