{"5_candidates": [1.0, 1.0, 1.0, 0.8, 1.0, 0.8, 1.0, 1.0, 1.0, 1.0], "10_candidates": [1.0, 1.0, 1.0, 1.0, 0.9, 1.0, 1.0, 1.0, 1.0, 0.9], "15_candidates": [0.9333333333333333, 1.0, 0.9333333333333333, 1.0, 0.9333333333333333, 0.8666666666666667, 0.8, 1.0, 1.0, 0.9333333333333333], "20_candidates": [0.95, 0.9, 0.9, 1.0, 1.0, 0.95, 1.0, 0.95, 0.95, 0.9], "25_candidates": [0.96, 0.96, 0.96, 0.96, 0.96, 0.88, 0.96, 1.0, 0.96, 0.96], "30_candidates": [0.9, 0.9, 0.9666666666666667, 0.8, 0.9, 0.9666666666666667, 0.9333333333333333, 0.9333333333333333, 0.9666666666666667, 0.9666666666666667], "35_candidates": [0.9714285714285714, 0.8571428571428571, 0.9142857142857143, 0.9428571428571428, 0.8857142857142857, 0.9428571428571428, 0.9714285714285714, 0.9714285714285714, 0.8857142857142857, 0.9142857142857143], "40_candidates": [0.95, 0.85, 0.85, 0.95, 0.95, 0.95, 0.9, 0.875, 0.875, 0.9]}