{"5_candidates": [0.2, 0.2, 0.0, 0.2, 0.4, 0.2, 0.2, 0.2, 0.2, 0.4], "10_candidates": [0.1, 0.0, 0.2, 0.0, 0.1, 0.2, 0.1, 0.1, 0.1, 0.1], "15_candidates": [0.0, 0.2, 0.06666666666666667, 0.13333333333333333, 0.06666666666666667, 0.06666666666666667, 0.13333333333333333, 0.13333333333333333, 0.0, 0.06666666666666667]}