{"5_candidates": [0.4, 0.6, 0.4, 0.2, 0.2, 0.2, 0.2, 0.2, 0.2, 0.4], "10_candidates": [0.1, 0.1, 0.1, 0.2, 0.2, 0.2, 0.1, 0.1, 0.4, 0.2], "15_candidates": [0.13333333333333333, 0.06666666666666667, 0.13333333333333333, 0.2, 0.06666666666666667, 0.13333333333333333, 0.13333333333333333, 0.06666666666666667, 0.06666666666666667, 0.13333333333333333], "20_candidates": [0.1, 0.1, 0.05, 0.05, 0.1, 0.1, 0.15, 0.1, 0.05, 0.15], "25_candidates": [0.08, 0.08, 0.04, 0.04, 0.04, 0.12, 0.08, 0.08, 0.08, 0.08]}